{
  "model": {
    "type": "minecraft:select",
    "property": "minecraft:custom_model_data",
    "fallback": {
      "type": "minecraft:model",
      "model": "minecraft:item/carrot_on_a_stick"
    },
    "cases": [
      {
        "when": "1001",
        "model": {
          "type": "minecraft:model",
          "model": "minecraft:item/guns/p9"
        }
      },
      {
        "when": "1005",
        "model": {
          "type": "minecraft:model",
          "model": "minecraft:item/guns/sg"
        }
      },
      {
        "when": "1006",
        "model": {
          "type": "minecraft:model",
          "model": "minecraft:item/guns/sr"
        }
      },
      {
        "when": "1008",
        "model": {
          "type": "minecraft:model",
          "model": "minecraft:item/guns/ak47"
        }
      },
      {
        "when": "1012",
        "model": {
          "type": "minecraft:model",
          "model": "minecraft:item/guns/rpg"
        }
      },
      {
        "when": "1013",
        "model": {
          "type": "minecraft:model",
          "model": "minecraft:item/guns/flare_gun"
        }
      }
    ]
  }
}
