{
  "model": {
    "type": "minecraft:range_dispatch",
    "property": "minecraft:custom_model_data",
    "fallback": {
      "type": "minecraft:model",
      "model": "minecraft:item/carrot_on_a_stick"
    },
    "entries": [
      {
        "threshold": 1001,
        "model": {
          "type": "minecraft:model",
          "model": "minecraft:item/guns/p9",
          "tints": []
        }
      },
      {
        "threshold": 1002,
        "model": {
          "type": "minecraft:model",
          "model": "minecraft:item/carrot_on_a_stick"
        }
      },
      {
        "threshold": 1005,
        "model": {
          "type": "minecraft:model",
          "model": "minecraft:item/guns/sg",
          "tints": []
        }
      },
      {
        "threshold": 1006,
        "model": {
          "type": "minecraft:model",
          "model": "minecraft:item/guns/sr",
          "tints": []
        }
      },
      {
        "threshold": 1007,
        "model": {
          "type": "minecraft:model",
          "model": "minecraft:item/carrot_on_a_stick"
        }
      },
      {
        "threshold": 1008,
        "model": {
          "type": "minecraft:model",
          "model": "minecraft:item/guns/ak47",
          "tints": []
        }
      },
      {
        "threshold": 1009,
        "model": {
          "type": "minecraft:model",
          "model": "minecraft:item/carrot_on_a_stick"
        }
      },
      {
        "threshold": 1012,
        "model": {
          "type": "minecraft:model",
          "model": "minecraft:item/guns/rpg",
          "tints": []
        }
      },
      {
        "threshold": 1013,
        "model": {
          "type": "minecraft:model",
          "model": "minecraft:item/guns/flare_gun",
          "tints": []
        }
      }
    ]
  }
}
