{
  "parent": "item/handheld_rod",
  "textures": {
    "layer0": "item/carrot_on_a_stick"
  },
  "overrides": [
    {
      "predicate": {
        "custom_model_data": 1001
      },
      "model": "item/guns/p9"
    },
    {
      "predicate": {
        "custom_model_data": 1005
      },
      "model": "item/guns/sg"
    },
    {
      "predicate": {
        "custom_model_data": 1006
      },
      "model": "item/guns/sr"
    },
    {
      "predicate": {
        "custom_model_data": 1008
      },
      "model": "item/guns/ak47"
    },
    {
      "predicate": {
        "custom_model_data": 1012
      },
      "model": "item/guns/rpg"
    },
    {
      "predicate": {
        "custom_model_data": 1013
      },
      "model": "item/guns/flare_gun"
    }
  ]
}
