{
  "parent": "minecraft:item/handheld",
  "textures": {
    "layer0": "minecraft:item/guns/ak47"
  },
  "display": {
    "thirdperson_righthand": {
      "rotation": [0, 90, 0],
      "translation": [0, 3, 1],
      "scale": [0.85, 0.85, 0.85]
    },
    "thirdperson_lefthand": {
      "rotation": [0, -90, 0],
      "translation": [0, 3, 1],
      "scale": [0.85, 0.85, 0.85]
    },
    "firstperson_righthand": {
      "rotation": [0, -90, 25],
      "translation": [1.13, 3.2, 1.13],
      "scale": [0.68, 0.68, 0.68]
    },
    "firstperson_lefthand": {
      "rotation": [0, 90, -25],
      "translation": [1.13, 3.2, 1.13],
      "scale": [0.68, 0.68, 0.68]
    },
    "gui": {
      "rotation": [0, 0, 0],
      "translation": [0, 0, 0],
      "scale": [1, 1, 1]
    },
    "ground": {
      "rotation": [0, 0, 0],
      "translation": [0, 3, 0],
      "scale": [0.5, 0.5, 0.5]
    },
    "fixed": {
      "rotation": [0, 0, 0],
      "translation": [0, 0, 0],
      "scale": [1, 1, 1]
    }
  }
}
