{
  "parent": "item/generated",
  "textures": {
    "layer0": "item/guns/flare_gun"
  },
  "display": {
    "thirdperson_righthand": {
      "rotation": [0, -90, 55],
      "translation": [0, 4, 0.5],
      "scale": [0.8, 0.8, 0.8]
    },
    "thirdperson_lefthand": {
      "rotation": [0, 90, -55],
      "translation": [0, 4, 0.5],
      "scale": [0.8, 0.8, 0.8]
    },
    "firstperson_righthand": {
      "rotation": [0, -90, 25],
      "translation": [1.13, 3.2, 1.13],
      "scale": [0.65, 0.65, 0.65]
    },
    "firstperson_lefthand": {
      "rotation": [0, 90, -25],
      "translation": [1.13, 3.2, 1.13],
      "scale": [0.65, 0.65, 0.65]
    }
  }
}