{
  "parent": "item/generated",
  "textures": {
    "layer0": "item/guns/p9"
  },
  "display": {
    "thirdperson_righthand": {
      "rotation": [-5, 0, 0],
      "translation": [0, 3, 1],
      "scale": [0.7, 0.7, 0.7]
    },
    "thirdperson_lefthand": {
      "rotation": [-5, 0, 0],
      "translation": [0, 3, 1],
      "scale": [0.7, 0.7, 0.7]
    },
    "firstperson_righthand": {
      "rotation": [0, -135, -45],
      "translation": [-5, 2, 0],
      "scale": [0.8, 0.8, 0.8]
    },
    "firstperson_lefthand": {
      "rotation": [0, 135, 45],
      "translation": [5, 2, 0],
      "scale": [0.8, 0.8, 0.8]
    },
    "gui": {
      "rotation": [0, 0, 0],
      "translation": [0, 0, 0],
      "scale": [1, 1, 1]
    },
    "ground": {
      "rotation": [0, 0, 0],
      "translation": [0, 3, 0],
      "scale": [0.5, 0.5, 0.5]
    },
    "fixed": {
      "rotation": [0, 0, 0],
      "translation": [0, 0, 0],
      "scale": [1, 1, 1]
    }
  }
}
