{
  "parent": "item/handheld",
  "textures": {
    "layer0": "item/guns/rpg"
  },
  "display": {
    "thirdperson_righthand": {
      "rotation": [0, 180, -45],
      "translation": [0, 4, 2],
      "scale": [0.9, 0.9, 0.9]
    },
    "thirdperson_lefthand": {
      "rotation": [0, 0, 45],
      "translation": [0, 4, 2],
      "scale": [0.9, 0.9, 0.9]
    },
    "firstperson_righthand": {
      "rotation": [-15, 180, -45],
      "translation": [0, 0, 1],
      "scale": [0.68, 0.68, 0.68]
    },
    "firstperson_lefthand": {
      "rotation": [-15, 0, 45],
      "translation": [0, 0, 1],
      "scale": [0.68, 0.68, 0.68]
    },
    "gui": {
      "rotation": [0, 0, 0],
      "translation": [0, 0, 0],
      "scale": [1, 1, 1]
    },
    "ground": {
      "rotation": [0, 0, 0],
      "translation": [0, 3, 0],
      "scale": [0.5, 0.5, 0.5]
    },
    "fixed": {
      "rotation": [0, 0, 0],
      "translation": [0, 0, 0],
      "scale": [1, 1, 1]
    }
  }
}
