{
  "parent": "item/generated",
  "textures": {
    "layer0": "item/guns/sr"
  },
  "display": {
    "thirdperson_righthand": {
      "rotation": [0, -90, 0],
      "translation": [0, 5, 1],
      "scale": [1.0, 1.0, 1.0]
    },
    "thirdperson_lefthand": {
      "rotation": [0, 90, 0],
      "translation": [0, 5, 1],
      "scale": [1.0, 1.0, 1.0]
    },
    "firstperson_righthand": {
      "rotation": [0, -90, 0],
      "translation": [0, 4, 0],
      "scale": [0.9, 0.9, 0.9]
    },
    "firstperson_lefthand": {
      "rotation": [0, 90, 0],
      "translation": [0, 4, 0],
      "scale": [0.9, 0.9, 0.9]
    },
    "gui": {
      "rotation": [0, 0, 0],
      "translation": [0, 0, 0],
      "scale": [1, 1, 1]
    },
    "ground": {
      "rotation": [0, 0, 0],
      "translation": [0, 3, 0],
      "scale": [0.5, 0.5, 0.5]
    },
    "fixed": {
      "rotation": [0, 0, 0],
      "translation": [0, 0, 0],
      "scale": [1, 1, 1]
    }
  }
}
