{
  "parent": "item/generated",
  "textures": {
    "layer0": "item/guns/flare_gun"
  },
"display": {
  "thirdperson_righthand": {
    "rotation": [0, 90, 0],
    "translation": [0, 5, 1],
    "scale": [0.9, 0.9, 0.9]
  },
  "thirdperson_lefthand": {
    "rotation": [0, -90, 0],
    "translation": [0, 5, 1],
    "scale": [0.9, 0.9, 0.9]
  },
  "firstperson_righthand": {
    "rotation": [0, 90, 0],
    "translation": [-3, 2, -4],
    "scale": [0.65, 0.65, 0.65]
  },
  "firstperson_lefthand": {
    "rotation": [0, -90, 0],
    "translation": [3, 2, -4],
    "scale": [0.65, 0.65, 0.65]
  },
  "gui": {
    "rotation": [0, 0, 0],
    "translation": [0, 0, 0],
    "scale": [1, 1, 1]
  },
  "ground": {
    "rotation": [0, 0, 0],
    "translation": [0, 3, 0],
    "scale": [0.5, 0.5, 0.5]
  },
  "fixed": {
    "rotation": [0, 0, 0],
    "translation": [0, 0, 0],
    "scale": [1, 1, 1]
  }
 }
}