{
  "gun-shot": {
    "sounds": [
      {
        "name": "gun-shot",
        "stream": false,
        "volume": 0.6,
        "pitch": 1.0
      }
    ]
  },
  "reload": {
    "sounds": [
      {
        "name": "reload",
        "stream": false,
        "volume": 0.5,
        "pitch": 1.0
      }
    ]
  },
  "kill-sound": {
    "sounds": [
      {
        "name": "kill-sound",
        "stream": false,
        "volume": 2.0,
        "pitch": 1.0
      }
    ]
  },
  "death-sound": {
    "sounds": [
      {
        "name": "death-sound",
        "stream": false,
        "volume": 2.0,
        "pitch": 1.0
      }
    ]
  }
}